品項,價格,商家
Sony PS4-主機,8150,無
SONY 索尼 PS4 主機同捆配件,16428,無
PS4 PRO 主機,12980,GOHAPPY
PS4 2017 500G主機,9980,myfone購物
普雷伊 SONY PS4黑主機1207型,10980,GOHAPPY
PS4 1TB薄型主機 CUH-2017BB01 黑,10980,GOHAPPY
PS4-PRO 主機組合3(),13740,燦坤
PS4 2017 500G主機(冰河白),9980,myfone購物
PS4 500G薄型主機 CUH-2017AB01 黑,9980,GOHAPPY
PS4-PRO 主機組合2(),13370,燦坤
普雷伊 SONY PS4白主機1207型,10980,GOHAPPY
SONY PS4主機 CUH-2017系列500GB 極致黑,10911,愛買線上購物
PS4 副廠  主機直立架 黑,350,愛買線上購物
PS4 台製 主機防塵塞 黑,200,愛買線上購物
PS4 2017 500G主機+PSN12個月會籍,10480,myfone購物
SONY PS4主機 CUH-2017系列500GB-冰河白,9980,myfone購物
SONY PS4主機 CUH-2017系列500GB-極致黑,9980,myfone購物
【SONY】PS4 Pro主機CUH-7017系列1TB(-極致黑),12980,momo富邦購物館
SONY PS4主機 CUH-2017系列500GB-冰河白,9980,udn買東西
普雷伊 PS4 主機 1200 型 極致黑 1TB,12480,GOHAPPY
SONY PS4 SLIM CUH-2017系列500GB主機-極致黑,10000,GOHAPPY
PS4 500G主機極致黑CUH-1207,9880,GOHAPPY
